directed,source,target,type,year
True,year:1998,year:2000,Next_Time,1998
True,year:2000,year:2002,Next_Time,2000
True,year:2002,year:2004,Next_Time,2002
True,article:1998_001,year:1998,Was_Published_In,1998
True,author:a_p_oliva:53fd7b7b,article:1998_001,Was_Author_of,1998
True,author:w_c_leite_filho:e05a18d8,article:1998_001,Was_Author_of,1998
True,author:a_p_oliva:53fd7b7b,affiliation:instituto_de_aeronautica_e_espaco_iae_divisao_de_sistemas_espaciais:6498d61e,Is_Linked_to,1998
True,author:w_c_leite_filho:e05a18d8,affiliation:instituto_de_aeronautica_e_espaco_iae_divisao_de_sistemas_espaciais:6498d61e,Is_Linked_to,1998
False,author:a_p_oliva:53fd7b7b,author:w_c_leite_filho:e05a18d8,Collaborates,1998
True,article:1998_001,theme:pitch_attitude_tracking_control_law:e3a372a8,Was_Associated_To,1998
True,article:1998_001,theme:attitude_decoupling:739d65fe,Was_Associated_To,1998
True,article:1998_001,theme:need_for_coupled_vehicle_model_to_suppress_maneuver_coupling:bd5af8d2,Was_Associated_To,1998
True,article:1998_001,theme:mclean_linear_vehicle_models:4e9d5be1,Was_Associated_To,1998
True,author:a_p_oliva:53fd7b7b,theme:pitch_attitude_tracking_control_law:e3a372a8,Has_Expertise_In,1998
True,author:a_p_oliva:53fd7b7b,theme:attitude_decoupling:739d65fe,Has_Expertise_In,1998
True,author:a_p_oliva:53fd7b7b,theme:need_for_coupled_vehicle_model_to_suppress_maneuver_coupling:bd5af8d2,Has_Expertise_In,1998
True,author:a_p_oliva:53fd7b7b,theme:mclean_linear_vehicle_models:4e9d5be1,Has_Expertise_In,1998
True,author:w_c_leite_filho:e05a18d8,theme:pitch_attitude_tracking_control_law:e3a372a8,Has_Expertise_In,1998
True,author:w_c_leite_filho:e05a18d8,theme:attitude_decoupling:739d65fe,Has_Expertise_In,1998
True,author:w_c_leite_filho:e05a18d8,theme:need_for_coupled_vehicle_model_to_suppress_maneuver_coupling:bd5af8d2,Has_Expertise_In,1998
True,author:w_c_leite_filho:e05a18d8,theme:mclean_linear_vehicle_models:4e9d5be1,Has_Expertise_In,1998
True,article:1998_001,keyword:attitude_control:1dab2394,Contains,1998
True,article:1998_001,keyword:decoupling:a8969c60,Contains,1998
True,article:1998_001,keyword:control_algorithm:3d77f34c,Contains,1998
True,article:1998_002,year:1998,Was_Published_In,1998
True,author:leticia_p_amaral:42437d20,article:1998_002,Was_Author_of,1998
True,author:karl_h_kienitz:a377043a,article:1998_002,Was_Author_of,1998
True,author:leticia_p_amaral:42437d20,affiliation:instituto_tecnologico_de_aeronautica:ee34744c,Is_Linked_to,1998
True,author:karl_h_kienitz:a377043a,affiliation:instituto_tecnologico_de_aeronautica:ee34744c,Is_Linked_to,1998
False,author:leticia_p_amaral:42437d20,author:karl_h_kienitz:a377043a,Collaborates,1998
True,article:1998_002,theme:gain_scheduled_control_for_time_varying_linear_plants:c36d9fc9,Was_Associated_To,1998
True,article:1998_002,theme:tfl_ltr_controller_structure:38b64a3a,Was_Associated_To,1998
True,article:1998_002,theme:lqg_ltr_controller_structure:349b4dcd,Was_Associated_To,1998
True,article:1998_002,theme:relaxing_restrictions_on_slow_model_variation:ab7afca0,Was_Associated_To,1998
True,author:leticia_p_amaral:42437d20,theme:gain_scheduled_control_for_time_varying_linear_plants:c36d9fc9,Has_Expertise_In,1998
True,author:leticia_p_amaral:42437d20,theme:tfl_ltr_controller_structure:38b64a3a,Has_Expertise_In,1998
True,author:leticia_p_amaral:42437d20,theme:lqg_ltr_controller_structure:349b4dcd,Has_Expertise_In,1998
True,author:leticia_p_amaral:42437d20,theme:relaxing_restrictions_on_slow_model_variation:ab7afca0,Has_Expertise_In,1998
True,author:karl_h_kienitz:a377043a,theme:gain_scheduled_control_for_time_varying_linear_plants:c36d9fc9,Has_Expertise_In,1998
True,author:karl_h_kienitz:a377043a,theme:tfl_ltr_controller_structure:38b64a3a,Has_Expertise_In,1998
True,author:karl_h_kienitz:a377043a,theme:lqg_ltr_controller_structure:349b4dcd,Has_Expertise_In,1998
True,author:karl_h_kienitz:a377043a,theme:relaxing_restrictions_on_slow_model_variation:ab7afca0,Has_Expertise_In,1998
True,article:1998_002,keyword:robust_control:f2caa090,Contains,1998
True,article:1998_002,keyword:attitude_control:e4b88259,Contains,1998
True,article:1998_002,keyword:time_varying_plants:ccf9cdec,Contains,1998
True,article:1998_350,year:1998,Was_Published_In,1998
True,author:cicero_romao_cavati:de5a4d44,article:1998_350,Was_Author_of,1998
True,author:cicero_romao_cavati:de5a4d44,affiliation:departamento_de_engenharia_eletrica_universidade_federal_do_espirito_s:6de1741c,Is_Linked_to,1998
True,article:1998_350,theme:fuzzy_multicommodity_flow_model:e125b665,Was_Associated_To,1998
True,article:1998_350,theme:sdh_transport_network_planning:b9cd4296,Was_Associated_To,1998
True,article:1998_350,theme:fuzzy_traffic_matrix_represents_demand_uncertainty:41711807,Was_Associated_To,1998
True,author:cicero_romao_cavati:de5a4d44,theme:fuzzy_multicommodity_flow_model:e125b665,Has_Expertise_In,1998
True,author:cicero_romao_cavati:de5a4d44,theme:sdh_transport_network_planning:b9cd4296,Has_Expertise_In,1998
True,author:cicero_romao_cavati:de5a4d44,theme:fuzzy_traffic_matrix_represents_demand_uncertainty:41711807,Has_Expertise_In,1998
True,article:1998_350,keyword:telecomunications_planning:04f28a6a,Contains,1998
True,article:1998_350,keyword:optimization:fdf5e093,Contains,1998
True,article:1998_350,keyword:fuzzy:e32e63d5,Contains,1998
True,article:1998_351,year:1998,Was_Published_In,1998
True,author:i_b_da_silva:517dfb0e,article:1998_351,Was_Author_of,1998
True,author:antonio_c_de_c_lima:de2bd3e7,article:1998_351,Was_Author_of,1998
False,author:i_b_da_silva:517dfb0e,author:antonio_c_de_c_lima:de2bd3e7,Collaborates,1998
True,article:1998_351,theme:qam_16_software_modem_for_simultaneous_voice_and_data:b8f8c04e,Was_Associated_To,1998
True,article:1998_351,theme:ann_demodulation_pipeline_with_rls_and_rbf_stages:3d02811a,Was_Associated_To,1998
True,article:1998_351,theme:need_to_share_one_channel_while_preserving_data_reliability:911b2bc2,Was_Associated_To,1998
True,article:1998_351,theme:itu_v_29_recommendation:60ed4c89,Was_Associated_To,1998
True,author:i_b_da_silva:517dfb0e,theme:qam_16_software_modem_for_simultaneous_voice_and_data:b8f8c04e,Has_Expertise_In,1998
True,author:i_b_da_silva:517dfb0e,theme:ann_demodulation_pipeline_with_rls_and_rbf_stages:3d02811a,Has_Expertise_In,1998
True,author:i_b_da_silva:517dfb0e,theme:need_to_share_one_channel_while_preserving_data_reliability:911b2bc2,Has_Expertise_In,1998
True,author:i_b_da_silva:517dfb0e,theme:itu_v_29_recommendation:60ed4c89,Has_Expertise_In,1998
True,author:antonio_c_de_c_lima:de2bd3e7,theme:qam_16_software_modem_for_simultaneous_voice_and_data:b8f8c04e,Has_Expertise_In,1998
True,author:antonio_c_de_c_lima:de2bd3e7,theme:ann_demodulation_pipeline_with_rls_and_rbf_stages:3d02811a,Has_Expertise_In,1998
True,author:antonio_c_de_c_lima:de2bd3e7,theme:need_to_share_one_channel_while_preserving_data_reliability:911b2bc2,Has_Expertise_In,1998
True,author:antonio_c_de_c_lima:de2bd3e7,theme:itu_v_29_recommendation:60ed4c89,Has_Expertise_In,1998
True,article:1998_352,year:1998,Was_Published_In,1998
True,author:delmar_b_carvalho:46bc3a10,article:1998_352,Was_Author_of,1998
True,author:sidnei_n_filho:fac9b2a2,article:1998_352,Was_Author_of,1998
True,author:rui_seara:9d5c448a,article:1998_352,Was_Author_of,1998
True,author:delmar_b_carvalho:46bc3a10,affiliation:universidade_federal_de_santa_catarina:36d19a70,Is_Linked_to,1998
True,author:delmar_b_carvalho:46bc3a10,affiliation:universidade_catolica_de_pelotas:7fbb92f7,Is_Linked_to,1998
True,author:sidnei_n_filho:fac9b2a2,affiliation:universidade_federal_de_santa_catarina:36d19a70,Is_Linked_to,1998
True,author:sidnei_n_filho:fac9b2a2,affiliation:universidade_catolica_de_pelotas:7fbb92f7,Is_Linked_to,1998
True,author:rui_seara:9d5c448a,affiliation:universidade_federal_de_santa_catarina:36d19a70,Is_Linked_to,1998
True,author:rui_seara:9d5c448a,affiliation:universidade_catolica_de_pelotas:7fbb92f7,Is_Linked_to,1998
False,author:delmar_b_carvalho:46bc3a10,author:sidnei_n_filho:fac9b2a2,Collaborates,1998
False,author:delmar_b_carvalho:46bc3a10,author:rui_seara:9d5c448a,Collaborates,1998
False,author:sidnei_n_filho:fac9b2a2,author:rui_seara:9d5c448a,Collaborates,1998
False,affiliation:universidade_federal_de_santa_catarina:36d19a70,affiliation:universidade_catolica_de_pelotas:7fbb92f7,Collaborates,1998
True,article:1998_352,theme:impulse_response_symmetry_for_phase_equalizer_design:2344e43e,Was_Associated_To,1998
True,article:1998_352,theme:phase_equalizers:46940e61,Was_Associated_To,1998
True,article:1998_352,theme:phase_linearity_better_characterized_by_impulse_response_symmetry:24730f00,Was_Associated_To,1998
True,author:delmar_b_carvalho:46bc3a10,theme:impulse_response_symmetry_for_phase_equalizer_design:2344e43e,Has_Expertise_In,1998
True,author:delmar_b_carvalho:46bc3a10,theme:phase_equalizers:46940e61,Has_Expertise_In,1998
True,author:delmar_b_carvalho:46bc3a10,theme:phase_linearity_better_characterized_by_impulse_response_symmetry:24730f00,Has_Expertise_In,1998
True,author:sidnei_n_filho:fac9b2a2,theme:impulse_response_symmetry_for_phase_equalizer_design:2344e43e,Has_Expertise_In,1998
True,author:sidnei_n_filho:fac9b2a2,theme:phase_equalizers:46940e61,Has_Expertise_In,1998
True,author:sidnei_n_filho:fac9b2a2,theme:phase_linearity_better_characterized_by_impulse_response_symmetry:24730f00,Has_Expertise_In,1998
True,author:rui_seara:9d5c448a,theme:impulse_response_symmetry_for_phase_equalizer_design:2344e43e,Has_Expertise_In,1998
True,author:rui_seara:9d5c448a,theme:phase_equalizers:46940e61,Has_Expertise_In,1998
True,author:rui_seara:9d5c448a,theme:phase_linearity_better_characterized_by_impulse_response_symmetry:24730f00,Has_Expertise_In,1998
True,article:1998_352,keyword:phase_equalizers:46940e61,Contains,1998
True,article:1998_352,keyword:phase_interception_distortion:0ef2aa2e,Contains,1998
True,article:1998_352,keyword:impulse_response_symmetry:82b4d3e5,Contains,1998
True,article:2000_162,year:2000,Was_Published_In,2000
True,author:f_d_galiana:23bd9502,article:2000_162,Was_Author_of,2000
True,author:f_d_galiana:23bd9502,affiliation:mcgill_university:1ab559c9,Is_Linked_to,2000
True,article:2000_162,theme:electric_power_industry_restructuring:3747c756,Was_Associated_To,2000
True,article:2000_162,theme:market_driven_electricity_models:7d2586f7,Was_Associated_To,2000
True,article:2000_162,theme:historical_motivation_for_competitive_power_systems:9a0e9f04,Was_Associated_To,2000
True,author:f_d_galiana:23bd9502,theme:electric_power_industry_restructuring:3747c756,Has_Expertise_In,2000
True,author:f_d_galiana:23bd9502,theme:market_driven_electricity_models:7d2586f7,Has_Expertise_In,2000
True,author:f_d_galiana:23bd9502,theme:historical_motivation_for_competitive_power_systems:9a0e9f04,Has_Expertise_In,2000
True,article:2000_164,year:2000,Was_Published_In,2000
True,author:bruce_h_krogh:e447061d,article:2000_164,Was_Author_of,2000
True,author:bruce_h_krogh:e447061d,affiliation:university:715432dc,Is_Linked_to,2000
True,article:2000_164,theme:hybrid_systems:df426d01,Was_Associated_To,2000
True,article:2000_164,theme:hybrid_system_verification_and_supervisory_control:7d08ad6f,Was_Associated_To,2000
True,article:2000_164,theme:hybrid_model_choice_depends_on_application_context_and_tools:9aa8d43e,Was_Associated_To,2000
True,author:bruce_h_krogh:e447061d,theme:hybrid_systems:df426d01,Has_Expertise_In,2000
True,author:bruce_h_krogh:e447061d,theme:hybrid_system_verification_and_supervisory_control:7d08ad6f,Has_Expertise_In,2000
True,author:bruce_h_krogh:e447061d,theme:hybrid_model_choice_depends_on_application_context_and_tools:9aa8d43e,Has_Expertise_In,2000
True,article:2000_CBA007,year:2000,Was_Published_In,2000
True,author:marcelo_j_bonato:d8ada25c,article:2000_CBA007,Was_Author_of,2000
True,author:carlos_a_canesin:272729aa,article:2000_CBA007,Was_Author_of,2000
True,author:marcelo_j_bonato:d8ada25c,affiliation:universidade_estadual_paulista:1b4f4989,Is_Linked_to,2000
True,author:carlos_a_canesin:272729aa,affiliation:universidade_estadual_paulista:1b4f4989,Is_Linked_to,2000
False,author:marcelo_j_bonato:d8ada25c,author:carlos_a_canesin:272729aa,Collaborates,2000
True,article:2000_CBA007,theme:zeta_zcs_pwm_step_down_rectifier:16436a99,Was_Associated_To,2000
True,article:2000_CBA007,theme:high_power_factor_with_low_input_current_harmonic_distortion:fa98ebdb,Was_Associated_To,2000
True,article:2000_CBA007,theme:non_dissipative_zcs_commutation_reduces_semiconductor_stress:63c8c0f1,Was_Associated_To,2000
True,author:marcelo_j_bonato:d8ada25c,theme:zeta_zcs_pwm_step_down_rectifier:16436a99,Has_Expertise_In,2000
True,author:marcelo_j_bonato:d8ada25c,theme:high_power_factor_with_low_input_current_harmonic_distortion:fa98ebdb,Has_Expertise_In,2000
True,author:marcelo_j_bonato:d8ada25c,theme:non_dissipative_zcs_commutation_reduces_semiconductor_stress:63c8c0f1,Has_Expertise_In,2000
True,author:carlos_a_canesin:272729aa,theme:zeta_zcs_pwm_step_down_rectifier:16436a99,Has_Expertise_In,2000
True,author:carlos_a_canesin:272729aa,theme:high_power_factor_with_low_input_current_harmonic_distortion:fa98ebdb,Has_Expertise_In,2000
True,author:carlos_a_canesin:272729aa,theme:non_dissipative_zcs_commutation_reduces_semiconductor_stress:63c8c0f1,Has_Expertise_In,2000
True,article:2000_CBA007,keyword:rectifiers:f193bd4f,Contains,2000
True,article:2000_CBA007,keyword:power_factor_correction:dcd12361,Contains,2000
True,article:2000_CBA007,keyword:componentes:3da10fc7,Contains,2000
True,article:2000_CBA007,keyword:tecnicas_de_comando_e_controle:7c08fb66,Contains,2000
True,article:2000_CBA007,keyword:na_tentativa_de_solucionar_esses_problemas:0f8674d1,Contains,2000
True,article:2000_CBA007,keyword:apesar_das_suas_caracteristicas_vantajosas_elevado_rendimento:e4489005,Contains,2000
True,article:2000_CBA007,keyword:reduzidos_esforcos_tensao_corrente_e_elevado_fator_de_potencia:e6b3c839,Contains,2000
True,article:2000_CBA007,keyword:portanto:52b3b87c,Contains,2000
True,article:2000_CBA007,keyword:para_aplicacoes_como_abaixador_de_tensao:34d6ca50,Contains,2000
True,article:2000_CBA007,keyword:com_a_operacao_no_modo_descontinuo_de_corrente:8ec5ecb0,Contains,2000
True,article:2000_CBA007,keyword:adotada_em_4:a976a739,Contains,2000
True,article:2000_CBA007,keyword:implica_em_elevados_esforcos_de_corrente_nos_semicondutores:ca5da41f,Contains,2000
True,article:2000_CBA007,keyword:porem_a_tecnica_de_comutacao_empregada_sendo_dissipativa:f3dfdbc5,Contains,2000
True,article:2000_CBA007,keyword:proporcionou_um_reduzido_rendimento_para_a_estrutura_apresenta_se_enta:23eac0a0,Contains,2000
True,article:2000_CBA007,keyword:como_proposta_para_solucionar_estes_problemas:0ba55e61,Contains,2000
True,article:2000_CBA007,keyword:um_novo_retificador_zeta_com_elevado_fator_de_potencia:56856e79,Contains,2000
True,article:2000_CBA007,keyword:operando_em_conducao_continua:771b0c83,Contains,2000
True,article:2000_CBA007,keyword:com_comutacao_nao_dissipativa_do_tipo_com_corrente_nula_zcs:08a5b831,Contains,2000
True,article:2000_CBA007,keyword:controlado_por_corrente_media_imposta_e_operando_como_abaixador_de_ten:8da0e70f,Contains,2000
True,article:2000_CBA007,keyword:como_o_conversor_zeta_apresenta_saida_com_caracteristicas_de_fonte_de_:13551464,Contains,2000
True,article:2000_CBA007,keyword:pode_se_aplica_lo_em_sistemas_carregadores_de_baterias:5bbae1fb,Contains,2000
True,article:2000_CBA007,keyword:a_nova_celula_e_composta_por_dois_interruptores_bidirecionais_em_corre:4592d8ad,Contains,2000
True,article:2000_CBA007,keyword:dois_diodos_d1_e_d2:17df64e5,Contains,2000
True,article:2000_CBA007,keyword:que_e_gerada_a_partir_da_composicao_de_tres_sinais:e070c831,Contains,2000
True,article:2000_CBA007,keyword:designados_de_a:10d60b38,Contains,2000
True,article:2000_CBA007,keyword:b_e_c:e1d7c3e8,Contains,2000
True,article:2000_CBA007,keyword:conforme_figura_2_sendo_que:9d5a2d67,Contains,2000
True,article:2000_CBA007,keyword:a_e_um_sinal_proporcional_a_tensao_de_saida:a7f8fbf9,Contains,2000
True,article:2000_CBA007,keyword:b_e_uma_amostra_da_tensao_de_entrada:756cdef2,Contains,2000
True,article:2000_CBA007,keyword:pode_se_citar_frequencia_de_operacao_constante_modulacao_pwm:6d2f940e,Contains,2000
True,article:2000_CBA007,keyword:operacao_no_modo_continuo_de_corrente:d7febed5,Contains,2000
True,article:2000_CBA007,keyword:baixa_taxa_de_distorcao_harmonica_e_elevado_fator_de_potencia:28fd5ebc,Contains,2000
True,article:2000_CBA007,keyword:reducao_dos_esforcos_nos_semicondutores_em_relacao_a_conducao_desconti:38c4741b,Contains,2000
True,article:2000_CBA007,keyword:para_facilitar_a_analise_do_novo_retificador_zeta_zcs_pwm:d5fb2c98,Contains,2000
True,article:2000_CBA007,keyword:quais_sejam_todos_os_componentes_sao_ideais:f640bd48,Contains,2000
True,article:2000_CBA007,keyword:o_conversor_encontra_se_operando_em_regime_permanente:12f52ad5,Contains,2000
True,article:2000_CBA007,keyword:entao_para_um_periodo_generico_de_chaveamento_ti:80230f7c,Contains,2000
True,article:2000_CBA007,keyword:a_tensao_de_entrada_e_considerada_constante:41b32a71,Contains,2000
True,article:2000_CBA007,keyword:a_tensao_instantanea_de_entrada_e_considerada_puramente_senoidal:9ae07fea,Contains,2000
True,article:2000_CBA007,keyword:admitindo_se_que_o_ripple_de_corrente_na_carga_seja_desprezivel:17c0da2e,Contains,2000
True,article:2000_CBA007,keyword:o_indutor_l0:58109470,Contains,2000
True,article:2000_CBA007,keyword:o_capacitor_c0_e_o_resistor_r0:fee99b33,Contains,2000
True,article:2000_CBA007,keyword:a_partir_da_analise:aace5d02,Contains,2000
True,article:2000_CBA007,keyword:a_existencia_de_nove_etapas_distintas_de_funcionamento:be65bd17,Contains,2000
True,article:2000_CBA007,keyword:durante_um_periodo_generico_de_funcionamento_ti:4575f20e,Contains,2000
True,article:2000_CBA007,keyword:apresentadas_nas_figuras_4_a_ate_4_i_as_etapas_sao_descritas_a_seguir:81066fb2,Contains,2000
True,article:2000_CBA007,keyword:onde_vce_v0_inicialmente_o_diodo_d2_conduz_a_corrente_im_ti_i0:698553f9,Contains,2000
True,article:2000_CBA007,keyword:em_t_t1:e003b690,Contains,2000
True,article:2000_CBA007,keyword:assume_a_corrente_atraves_de_d2:a688c2c9,Contains,2000
True,article:2000_CBA007,keyword:que_se_bloqueia_neste_instante_2a_etapa_figura_4_b_para_esta_etapa:954fa38b,Contains,2000
True,article:2000_CBA007,keyword:devido_a_presenca_de_lr2:c0c7fad4,Contains,2000
True,article:2000_CBA623,year:2000,Was_Published_In,2000
True,author:geovany_a_borges:e3de1016,article:2000_CBA623,Was_Author_of,2000
True,author:antonio_m_n_lima:48056faa,article:2000_CBA623,Was_Author_of,2000
True,author:gurdip_s_deep:207e9d88,article:2000_CBA623,Was_Author_of,2000
True,author:geovany_a_borges:e3de1016,affiliation:lirmm_universite_montpellier_ii:9ddf4e7b,Is_Linked_to,2000
True,author:geovany_a_borges:e3de1016,affiliation:departamento_de_engenharia_el_etrica_universidade_federal_da_para_ba:8fd4f8c3,Is_Linked_to,2000
True,author:geovany_a_borges:e3de1016,affiliation:universidade_federal_da_paraiba:2210d92e,Is_Linked_to,2000
True,author:antonio_m_n_lima:48056faa,affiliation:lirmm_universite_montpellier_ii:9ddf4e7b,Is_Linked_to,2000
True,author:antonio_m_n_lima:48056faa,affiliation:departamento_de_engenharia_el_etrica_universidade_federal_da_para_ba:8fd4f8c3,Is_Linked_to,2000
True,author:antonio_m_n_lima:48056faa,affiliation:universidade_federal_da_paraiba:2210d92e,Is_Linked_to,2000
True,author:gurdip_s_deep:207e9d88,affiliation:lirmm_universite_montpellier_ii:9ddf4e7b,Is_Linked_to,2000
True,author:gurdip_s_deep:207e9d88,affiliation:departamento_de_engenharia_el_etrica_universidade_federal_da_para_ba:8fd4f8c3,Is_Linked_to,2000
True,author:gurdip_s_deep:207e9d88,affiliation:universidade_federal_da_paraiba:2210d92e,Is_Linked_to,2000
False,author:geovany_a_borges:e3de1016,author:antonio_m_n_lima:48056faa,Collaborates,2000
False,author:geovany_a_borges:e3de1016,author:gurdip_s_deep:207e9d88,Collaborates,2000
False,author:antonio_m_n_lima:48056faa,author:gurdip_s_deep:207e9d88,Collaborates,2000
False,affiliation:lirmm_universite_montpellier_ii:9ddf4e7b,affiliation:departamento_de_engenharia_el_etrica_universidade_federal_da_para_ba:8fd4f8c3,Collaborates,2000
False,affiliation:lirmm_universite_montpellier_ii:9ddf4e7b,affiliation:universidade_federal_da_paraiba:2210d92e,Collaborates,2000
False,affiliation:departamento_de_engenharia_el_etrica_universidade_federal_da_para_ba:8fd4f8c3,affiliation:universidade_federal_da_paraiba:2210d92e,Collaborates,2000
True,article:2000_CBA623,theme:output_feedback_trajectory_controller_for_agv:9bc9ab22,Was_Associated_To,2000
True,article:2000_CBA623,theme:non_holonomic_differential_drive_agv:5f994cbb,Was_Associated_To,2000
True,article:2000_CBA623,theme:controller_designed_for_linear_segments_and_soft_arcs:9652b46f,Was_Associated_To,2000
True,author:geovany_a_borges:e3de1016,theme:output_feedback_trajectory_controller_for_agv:9bc9ab22,Has_Expertise_In,2000
True,author:geovany_a_borges:e3de1016,theme:non_holonomic_differential_drive_agv:5f994cbb,Has_Expertise_In,2000
True,author:geovany_a_borges:e3de1016,theme:controller_designed_for_linear_segments_and_soft_arcs:9652b46f,Has_Expertise_In,2000
True,author:antonio_m_n_lima:48056faa,theme:output_feedback_trajectory_controller_for_agv:9bc9ab22,Has_Expertise_In,2000
True,author:antonio_m_n_lima:48056faa,theme:non_holonomic_differential_drive_agv:5f994cbb,Has_Expertise_In,2000
True,author:antonio_m_n_lima:48056faa,theme:controller_designed_for_linear_segments_and_soft_arcs:9652b46f,Has_Expertise_In,2000
True,author:gurdip_s_deep:207e9d88,theme:output_feedback_trajectory_controller_for_agv:9bc9ab22,Has_Expertise_In,2000
True,author:gurdip_s_deep:207e9d88,theme:non_holonomic_differential_drive_agv:5f994cbb,Has_Expertise_In,2000
True,author:gurdip_s_deep:207e9d88,theme:controller_designed_for_linear_segments_and_soft_arcs:9652b46f,Has_Expertise_In,2000
True,article:2000_CBA623,keyword:robot_control:9c7b793f,Contains,2000
True,article:2000_CBA623,keyword:mobile_robots:fb5a4a2a,Contains,2000
True,article:2000_CBA623,keyword:nonlinear_systems:9c719c74,Contains,2000
True,article:2000_CBA623,keyword:trajectory_tracking:618304dd,Contains,2000
True,article:2000_CBA623,keyword:control_schemes:600c0ec8,Contains,2000
True,article:2000_CBA624,year:2000,Was_Published_In,2000
True,author:g_b_brandao:522ab1e6,article:2000_CBA624,Was_Author_of,2000
True,author:g_s_deep:ffef4092,article:2000_CBA624,Was_Author_of,2000
True,author:a_m_n_lima:d271b5c4,article:2000_CBA624,Was_Author_of,2000
True,author:h_f_neff:52bfc25c,article:2000_CBA624,Was_Author_of,2000
True,author:g_b_brandao:522ab1e6,affiliation:universidade_federal_da_paraiba:2210d92e,Is_Linked_to,2000
True,author:g_s_deep:ffef4092,affiliation:universidade_federal_da_paraiba:2210d92e,Is_Linked_to,2000
True,author:a_m_n_lima:d271b5c4,affiliation:universidade_federal_da_paraiba:2210d92e,Is_Linked_to,2000
True,author:h_f_neff:52bfc25c,affiliation:universidade_federal_da_paraiba:2210d92e,Is_Linked_to,2000
False,author:g_b_brandao:522ab1e6,author:g_s_deep:ffef4092,Collaborates,2000
False,author:g_b_brandao:522ab1e6,author:a_m_n_lima:d271b5c4,Collaborates,2000
False,author:g_b_brandao:522ab1e6,author:h_f_neff:52bfc25c,Collaborates,2000
False,author:g_s_deep:ffef4092,author:a_m_n_lima:d271b5c4,Collaborates,2000
False,author:g_s_deep:ffef4092,author:h_f_neff:52bfc25c,Collaborates,2000
False,author:a_m_n_lima:d271b5c4,author:h_f_neff:52bfc25c,Collaborates,2000
True,article:2000_CBA624,theme:time_varying_thermoresistive_sensor_model:439c5c56,Was_Associated_To,2000
True,article:2000_CBA624,theme:static_and_dynamic_system_identification_of_ptc_sensor:251dd270,Was_Associated_To,2000
True,article:2000_CBA624,theme:temperature_influence_makes_constant_sensor_parameters_inadequate:7b100889,Was_Associated_To,2000
True,author:g_b_brandao:522ab1e6,theme:time_varying_thermoresistive_sensor_model:439c5c56,Has_Expertise_In,2000
True,author:g_b_brandao:522ab1e6,theme:static_and_dynamic_system_identification_of_ptc_sensor:251dd270,Has_Expertise_In,2000
True,author:g_b_brandao:522ab1e6,theme:temperature_influence_makes_constant_sensor_parameters_inadequate:7b100889,Has_Expertise_In,2000
True,author:g_s_deep:ffef4092,theme:time_varying_thermoresistive_sensor_model:439c5c56,Has_Expertise_In,2000
True,author:g_s_deep:ffef4092,theme:static_and_dynamic_system_identification_of_ptc_sensor:251dd270,Has_Expertise_In,2000
True,author:g_s_deep:ffef4092,theme:temperature_influence_makes_constant_sensor_parameters_inadequate:7b100889,Has_Expertise_In,2000
True,author:a_m_n_lima:d271b5c4,theme:time_varying_thermoresistive_sensor_model:439c5c56,Has_Expertise_In,2000
True,author:a_m_n_lima:d271b5c4,theme:static_and_dynamic_system_identification_of_ptc_sensor:251dd270,Has_Expertise_In,2000
True,author:a_m_n_lima:d271b5c4,theme:temperature_influence_makes_constant_sensor_parameters_inadequate:7b100889,Has_Expertise_In,2000
True,author:h_f_neff:52bfc25c,theme:time_varying_thermoresistive_sensor_model:439c5c56,Has_Expertise_In,2000
True,author:h_f_neff:52bfc25c,theme:static_and_dynamic_system_identification_of_ptc_sensor:251dd270,Has_Expertise_In,2000
True,author:h_f_neff:52bfc25c,theme:temperature_influence_makes_constant_sensor_parameters_inadequate:7b100889,Has_Expertise_In,2000
True,article:2000_CBA624,keyword:thermoresistive_sensor:b29aada5,Contains,2000
True,article:2000_CBA624,keyword:heat_transfer:3bdbafe0,Contains,2000
True,article:2000_CBA624,keyword:system_identification:c26e342f,Contains,2000
True,article:2000_CBA624,keyword:sensor_characterization:c34c5af8,Contains,2000
True,article:2002_43,year:2002,Was_Published_In,2002
True,author:aloisio_de_oliveira:58eea06c,article:2002_43,Was_Author_of,2002
True,author:sergio_m_r_sanhueza:2a1331f3,article:2002_43,Was_Author_of,2002
True,author:fernando_l_tofoli:a5601a1d,article:2002_43,Was_Author_of,2002
True,author:aloisio_de_oliveira:58eea06c,affiliation:faculdade_de_engenharia_eletrica_universidade_federal_de_uberlandia:6679bc55,Is_Linked_to,2002
True,author:sergio_m_r_sanhueza:2a1331f3,affiliation:faculdade_de_engenharia_eletrica_universidade_federal_de_uberlandia:6679bc55,Is_Linked_to,2002
True,author:fernando_l_tofoli:a5601a1d,affiliation:faculdade_de_engenharia_eletrica_universidade_federal_de_uberlandia:6679bc55,Is_Linked_to,2002
False,author:aloisio_de_oliveira:58eea06c,author:sergio_m_r_sanhueza:2a1331f3,Collaborates,2002
False,author:aloisio_de_oliveira:58eea06c,author:fernando_l_tofoli:a5601a1d,Collaborates,2002
False,author:sergio_m_r_sanhueza:2a1331f3,author:fernando_l_tofoli:a5601a1d,Collaborates,2002
True,article:2002_43,theme:power_quality_performance_factor:61a36ddb,Was_Associated_To,2002
True,article:2002_43,theme:harmonic_i2r_losses_in_cables_and_transformers:3b259a14,Was_Associated_To,2002
True,article:2002_43,theme:loss_minimization_should_be_evaluated_by_cost_benefit_ratio:113ac3a4,Was_Associated_To,2002
True,author:aloisio_de_oliveira:58eea06c,theme:power_quality_performance_factor:61a36ddb,Has_Expertise_In,2002
True,author:aloisio_de_oliveira:58eea06c,theme:harmonic_i2r_losses_in_cables_and_transformers:3b259a14,Has_Expertise_In,2002
True,author:aloisio_de_oliveira:58eea06c,theme:loss_minimization_should_be_evaluated_by_cost_benefit_ratio:113ac3a4,Has_Expertise_In,2002
True,author:sergio_m_r_sanhueza:2a1331f3,theme:power_quality_performance_factor:61a36ddb,Has_Expertise_In,2002
True,author:sergio_m_r_sanhueza:2a1331f3,theme:harmonic_i2r_losses_in_cables_and_transformers:3b259a14,Has_Expertise_In,2002
True,author:sergio_m_r_sanhueza:2a1331f3,theme:loss_minimization_should_be_evaluated_by_cost_benefit_ratio:113ac3a4,Has_Expertise_In,2002
True,author:fernando_l_tofoli:a5601a1d,theme:power_quality_performance_factor:61a36ddb,Has_Expertise_In,2002
True,author:fernando_l_tofoli:a5601a1d,theme:harmonic_i2r_losses_in_cables_and_transformers:3b259a14,Has_Expertise_In,2002
True,author:fernando_l_tofoli:a5601a1d,theme:loss_minimization_should_be_evaluated_by_cost_benefit_ratio:113ac3a4,Has_Expertise_In,2002
True,article:2002_43,keyword:i2r_losses:8d61ed96,Contains,2002
True,article:2002_43,keyword:true_power_factor:03983248,Contains,2002
True,article:2002_43,keyword:harmonics:0080c412,Contains,2002
True,article:2002_43,keyword:reactive_i2r_power_losses:464f69b2,Contains,2002
True,article:2002_43,keyword:power_quality_factor:2db1ea20,Contains,2002
True,article:2002_48,year:2002,Was_Published_In,2002
True,author:max_m_d_santos:a4340f77,article:2002_48,Was_Author_of,2002
True,author:marcelo_r_stemmer:2744e5ae,article:2002_48,Was_Author_of,2002
True,author:francisco_vasques:aaae47fb,article:2002_48,Was_Author_of,2002
True,author:max_m_d_santos:a4340f77,affiliation:universidade_federal_de_santa_catarina:36d19a70,Is_Linked_to,2002
True,author:max_m_d_santos:a4340f77,affiliation:universidade_do_porto:35333c55,Is_Linked_to,2002
True,author:marcelo_r_stemmer:2744e5ae,affiliation:universidade_federal_de_santa_catarina:36d19a70,Is_Linked_to,2002
True,author:marcelo_r_stemmer:2744e5ae,affiliation:universidade_do_porto:35333c55,Is_Linked_to,2002
True,author:francisco_vasques:aaae47fb,affiliation:universidade_federal_de_santa_catarina:36d19a70,Is_Linked_to,2002
True,author:francisco_vasques:aaae47fb,affiliation:universidade_do_porto:35333c55,Is_Linked_to,2002
False,author:max_m_d_santos:a4340f77,author:marcelo_r_stemmer:2744e5ae,Collaborates,2002
False,author:max_m_d_santos:a4340f77,author:francisco_vasques:aaae47fb,Collaborates,2002
False,author:marcelo_r_stemmer:2744e5ae,author:francisco_vasques:aaae47fb,Collaborates,2002
False,affiliation:universidade_federal_de_santa_catarina:36d19a70,affiliation:universidade_do_porto:35333c55,Collaborates,2002
True,article:2002_48,theme:can_network_for_helix_unmanned_helicopter_control:10a17547,Was_Associated_To,2002
True,article:2002_48,theme:real_time_can_message_latency_analysis:8004fa38,Was_Associated_To,2002
True,article:2002_48,theme:distributed_processing_reduces_volume_and_weight_and_increases_process:6f92cad5,Was_Associated_To,2002
True,author:max_m_d_santos:a4340f77,theme:can_network_for_helix_unmanned_helicopter_control:10a17547,Has_Expertise_In,2002
True,author:max_m_d_santos:a4340f77,theme:real_time_can_message_latency_analysis:8004fa38,Has_Expertise_In,2002
True,author:max_m_d_santos:a4340f77,theme:distributed_processing_reduces_volume_and_weight_and_increases_process:6f92cad5,Has_Expertise_In,2002
True,author:marcelo_r_stemmer:2744e5ae,theme:can_network_for_helix_unmanned_helicopter_control:10a17547,Has_Expertise_In,2002
True,author:marcelo_r_stemmer:2744e5ae,theme:real_time_can_message_latency_analysis:8004fa38,Has_Expertise_In,2002
True,author:marcelo_r_stemmer:2744e5ae,theme:distributed_processing_reduces_volume_and_weight_and_increases_process:6f92cad5,Has_Expertise_In,2002
True,author:francisco_vasques:aaae47fb,theme:can_network_for_helix_unmanned_helicopter_control:10a17547,Has_Expertise_In,2002
True,author:francisco_vasques:aaae47fb,theme:real_time_can_message_latency_analysis:8004fa38,Has_Expertise_In,2002
True,author:francisco_vasques:aaae47fb,theme:distributed_processing_reduces_volume_and_weight_and_increases_process:6f92cad5,Has_Expertise_In,2002
True,article:2002_48,keyword:can:aa884ac5,Contains,2002
True,article:2002_48,keyword:sistemas_de_tempo_real:b80ce1c4,Contains,2002
True,article:2002_48,keyword:sistemas_distribuidos:00eeed01,Contains,2002
True,article:2002_48,keyword:comunicacao_em_tempo_real:2595aa97,Contains,2002
True,article:2002_48,keyword:helix:80446e90,Contains,2002
True,article:2002_874,year:2002,Was_Published_In,2002
True,author:paulo_c_a_leao:2ec751f6,article:2002_874,Was_Author_of,2002
True,author:jose_c_de_oliveira:11cd13bf,article:2002_874,Was_Author_of,2002
True,author:fernando_n_belchior:dd87bc72,article:2002_874,Was_Author_of,2002
True,author:paulo_c_a_leao:2ec751f6,affiliation:departamento_de_engenharia_eletrica:6f088dae,Is_Linked_to,2002
True,author:paulo_c_a_leao:2ec751f6,affiliation:universidade_federal_de_sao_joao_del_rei:f246acb3,Is_Linked_to,2002
True,author:paulo_c_a_leao:2ec751f6,affiliation:faculdade_de_engenharia_eletrica:6a6dc5c6,Is_Linked_to,2002
True,author:paulo_c_a_leao:2ec751f6,affiliation:universidade_federal_de_uberlandia:b49dd3bf,Is_Linked_to,2002
True,author:jose_c_de_oliveira:11cd13bf,affiliation:departamento_de_engenharia_eletrica:6f088dae,Is_Linked_to,2002
True,author:jose_c_de_oliveira:11cd13bf,affiliation:universidade_federal_de_sao_joao_del_rei:f246acb3,Is_Linked_to,2002
True,author:jose_c_de_oliveira:11cd13bf,affiliation:faculdade_de_engenharia_eletrica:6a6dc5c6,Is_Linked_to,2002
True,author:jose_c_de_oliveira:11cd13bf,affiliation:universidade_federal_de_uberlandia:b49dd3bf,Is_Linked_to,2002
True,author:fernando_n_belchior:dd87bc72,affiliation:departamento_de_engenharia_eletrica:6f088dae,Is_Linked_to,2002
True,author:fernando_n_belchior:dd87bc72,affiliation:universidade_federal_de_sao_joao_del_rei:f246acb3,Is_Linked_to,2002
True,author:fernando_n_belchior:dd87bc72,affiliation:faculdade_de_engenharia_eletrica:6a6dc5c6,Is_Linked_to,2002
True,author:fernando_n_belchior:dd87bc72,affiliation:universidade_federal_de_uberlandia:b49dd3bf,Is_Linked_to,2002
False,author:paulo_c_a_leao:2ec751f6,author:jose_c_de_oliveira:11cd13bf,Collaborates,2002
False,author:paulo_c_a_leao:2ec751f6,author:fernando_n_belchior:dd87bc72,Collaborates,2002
False,author:jose_c_de_oliveira:11cd13bf,author:fernando_n_belchior:dd87bc72,Collaborates,2002
False,affiliation:departamento_de_engenharia_eletrica:6f088dae,affiliation:universidade_federal_de_sao_joao_del_rei:f246acb3,Collaborates,2002
False,affiliation:departamento_de_engenharia_eletrica:6f088dae,affiliation:faculdade_de_engenharia_eletrica:6a6dc5c6,Collaborates,2002
False,affiliation:departamento_de_engenharia_eletrica:6f088dae,affiliation:universidade_federal_de_uberlandia:b49dd3bf,Collaborates,2002
False,affiliation:universidade_federal_de_sao_joao_del_rei:f246acb3,affiliation:faculdade_de_engenharia_eletrica:6a6dc5c6,Collaborates,2002
False,affiliation:universidade_federal_de_sao_joao_del_rei:f246acb3,affiliation:universidade_federal_de_uberlandia:b49dd3bf,Collaborates,2002
False,affiliation:faculdade_de_engenharia_eletrica:6a6dc5c6,affiliation:universidade_federal_de_uberlandia:b49dd3bf,Collaborates,2002
True,article:2002_874,theme:vsi_pwm_frequency_converter_performance_under_voltage_sag:7124803a,Was_Associated_To,2002
True,article:2002_874,theme:saber_simulation_and_laboratory_experiments:2d7455ea,Was_Associated_To,2002
True,article:2002_874,theme:need_to_quantify_equipment_supportability_under_power_quality_disturba:95707a21,Was_Associated_To,2002
True,author:paulo_c_a_leao:2ec751f6,theme:vsi_pwm_frequency_converter_performance_under_voltage_sag:7124803a,Has_Expertise_In,2002
True,author:paulo_c_a_leao:2ec751f6,theme:saber_simulation_and_laboratory_experiments:2d7455ea,Has_Expertise_In,2002
True,author:paulo_c_a_leao:2ec751f6,theme:need_to_quantify_equipment_supportability_under_power_quality_disturba:95707a21,Has_Expertise_In,2002
True,author:jose_c_de_oliveira:11cd13bf,theme:vsi_pwm_frequency_converter_performance_under_voltage_sag:7124803a,Has_Expertise_In,2002
True,author:jose_c_de_oliveira:11cd13bf,theme:saber_simulation_and_laboratory_experiments:2d7455ea,Has_Expertise_In,2002
True,author:jose_c_de_oliveira:11cd13bf,theme:need_to_quantify_equipment_supportability_under_power_quality_disturba:95707a21,Has_Expertise_In,2002
True,author:fernando_n_belchior:dd87bc72,theme:vsi_pwm_frequency_converter_performance_under_voltage_sag:7124803a,Has_Expertise_In,2002
True,author:fernando_n_belchior:dd87bc72,theme:saber_simulation_and_laboratory_experiments:2d7455ea,Has_Expertise_In,2002
True,author:fernando_n_belchior:dd87bc72,theme:need_to_quantify_equipment_supportability_under_power_quality_disturba:95707a21,Has_Expertise_In,2002
True,article:2002_874,keyword:power_quality:95b28f44,Contains,2002
True,article:2002_874,keyword:frequency_converters:04efb6a9,Contains,2002
True,article:2002_874,keyword:balance_and_unbalanced_voltage_sag:44d489f3,Contains,2002
True,article:2002_875,year:2002,Was_Published_In,2002
True,author:franklin_m_p_pamplona:1ef58934,article:2002_875,Was_Author_of,2002
True,author:damasio_fernandes_jr:0ccd6ae1,article:2002_875,Was_Author_of,2002
True,author:benemar_a_souza:3a528735,article:2002_875,Was_Author_of,2002
True,author:washington_l_a_neves:db4db963,article:2002_875,Was_Author_of,2002
True,author:franklin_m_p_pamplona:1ef58934,affiliation:laboratorio_de_alta_tensao_departamento_de_engenharia_eletrica_univers:bff378a3,Is_Linked_to,2002
True,author:franklin_m_p_pamplona:1ef58934,affiliation:universidade_federal_da_paraiba:2210d92e,Is_Linked_to,2002
True,author:damasio_fernandes_jr:0ccd6ae1,affiliation:laboratorio_de_alta_tensao_departamento_de_engenharia_eletrica_univers:bff378a3,Is_Linked_to,2002
True,author:damasio_fernandes_jr:0ccd6ae1,affiliation:universidade_federal_da_paraiba:2210d92e,Is_Linked_to,2002
True,author:benemar_a_souza:3a528735,affiliation:laboratorio_de_alta_tensao_departamento_de_engenharia_eletrica_univers:bff378a3,Is_Linked_to,2002
True,author:benemar_a_souza:3a528735,affiliation:universidade_federal_da_paraiba:2210d92e,Is_Linked_to,2002
True,author:washington_l_a_neves:db4db963,affiliation:laboratorio_de_alta_tensao_departamento_de_engenharia_eletrica_univers:bff378a3,Is_Linked_to,2002
True,author:washington_l_a_neves:db4db963,affiliation:universidade_federal_da_paraiba:2210d92e,Is_Linked_to,2002
False,author:franklin_m_p_pamplona:1ef58934,author:damasio_fernandes_jr:0ccd6ae1,Collaborates,2002
False,author:franklin_m_p_pamplona:1ef58934,author:benemar_a_souza:3a528735,Collaborates,2002
False,author:franklin_m_p_pamplona:1ef58934,author:washington_l_a_neves:db4db963,Collaborates,2002
False,author:damasio_fernandes_jr:0ccd6ae1,author:benemar_a_souza:3a528735,Collaborates,2002
False,author:damasio_fernandes_jr:0ccd6ae1,author:washington_l_a_neves:db4db963,Collaborates,2002
False,author:benemar_a_souza:3a528735,author:washington_l_a_neves:db4db963,Collaborates,2002
False,affiliation:laboratorio_de_alta_tensao_departamento_de_engenharia_eletrica_univers:bff378a3,affiliation:universidade_federal_da_paraiba:2210d92e,Collaborates,2002
True,article:2002_875,theme:transient_overvoltages_from_capacitor_bank_switching:a5fdd11a,Was_Associated_To,2002
True,article:2002_875,theme:emtp_microtran_digital_simulation:2827d7b9,Was_Associated_To,2002
True,article:2002_875,theme:sensitivity_analysis_evaluates_load_line_and_surge_arrester_representa:c72018c2,Was_Associated_To,2002
True,author:franklin_m_p_pamplona:1ef58934,theme:transient_overvoltages_from_capacitor_bank_switching:a5fdd11a,Has_Expertise_In,2002
True,author:franklin_m_p_pamplona:1ef58934,theme:emtp_microtran_digital_simulation:2827d7b9,Has_Expertise_In,2002
True,author:franklin_m_p_pamplona:1ef58934,theme:sensitivity_analysis_evaluates_load_line_and_surge_arrester_representa:c72018c2,Has_Expertise_In,2002
True,author:damasio_fernandes_jr:0ccd6ae1,theme:transient_overvoltages_from_capacitor_bank_switching:a5fdd11a,Has_Expertise_In,2002
True,author:damasio_fernandes_jr:0ccd6ae1,theme:emtp_microtran_digital_simulation:2827d7b9,Has_Expertise_In,2002
True,author:damasio_fernandes_jr:0ccd6ae1,theme:sensitivity_analysis_evaluates_load_line_and_surge_arrester_representa:c72018c2,Has_Expertise_In,2002
True,author:benemar_a_souza:3a528735,theme:transient_overvoltages_from_capacitor_bank_switching:a5fdd11a,Has_Expertise_In,2002
True,author:benemar_a_souza:3a528735,theme:emtp_microtran_digital_simulation:2827d7b9,Has_Expertise_In,2002
True,author:benemar_a_souza:3a528735,theme:sensitivity_analysis_evaluates_load_line_and_surge_arrester_representa:c72018c2,Has_Expertise_In,2002
True,author:washington_l_a_neves:db4db963,theme:transient_overvoltages_from_capacitor_bank_switching:a5fdd11a,Has_Expertise_In,2002
True,author:washington_l_a_neves:db4db963,theme:emtp_microtran_digital_simulation:2827d7b9,Has_Expertise_In,2002
True,author:washington_l_a_neves:db4db963,theme:sensitivity_analysis_evaluates_load_line_and_surge_arrester_representa:c72018c2,Has_Expertise_In,2002
True,article:2002_875,keyword:shunt_capacitor_energization:d241259d,Contains,2002
True,article:2002_875,keyword:capacitor_switching:ae308d03,Contains,2002
True,article:2002_875,keyword:switching_surges:bb75ada9,Contains,2002
True,article:2002_875,keyword:shunt_capacitor_banks:315e8a87,Contains,2002
True,article:2002_875,keyword:transient_overvoltages:22716d5d,Contains,2002
True,article:2002_875,keyword:emtp:8eb97281,Contains,2002
True,article:2002_877,year:2002,Was_Published_In,2002
True,author:bismarck_c_castillo:7f36b3ee,article:2002_877,Was_Author_of,2002
True,author:jose_c_de_oliveira:11cd13bf,article:2002_877,Was_Author_of,2002
True,author:antonio_carlos_delaiba:bc2aad1b,article:2002_877,Was_Author_of,2002
True,author:bismarck_c_castillo:7f36b3ee,affiliation:laboratorio_de_qualidade_depto_de_engenharia_eletrica_departamento_de_:4db8de62,Is_Linked_to,2002
True,author:bismarck_c_castillo:7f36b3ee,affiliation:faculdade_de_engenharia_eletrica_faculdade_de_arquitetura_engenharia_e:1d555d1e,Is_Linked_to,2002
True,author:bismarck_c_castillo:7f36b3ee,affiliation:universidade_federal_de_uberlandia_universidade_federal_de_mato_grosso:413c432f,Is_Linked_to,2002
True,author:jose_c_de_oliveira:11cd13bf,affiliation:laboratorio_de_qualidade_depto_de_engenharia_eletrica_departamento_de_:4db8de62,Is_Linked_to,2002
True,author:jose_c_de_oliveira:11cd13bf,affiliation:faculdade_de_engenharia_eletrica_faculdade_de_arquitetura_engenharia_e:1d555d1e,Is_Linked_to,2002
True,author:jose_c_de_oliveira:11cd13bf,affiliation:universidade_federal_de_uberlandia_universidade_federal_de_mato_grosso:413c432f,Is_Linked_to,2002
True,author:antonio_carlos_delaiba:bc2aad1b,affiliation:laboratorio_de_qualidade_depto_de_engenharia_eletrica_departamento_de_:4db8de62,Is_Linked_to,2002
True,author:antonio_carlos_delaiba:bc2aad1b,affiliation:faculdade_de_engenharia_eletrica_faculdade_de_arquitetura_engenharia_e:1d555d1e,Is_Linked_to,2002
True,author:antonio_carlos_delaiba:bc2aad1b,affiliation:universidade_federal_de_uberlandia_universidade_federal_de_mato_grosso:413c432f,Is_Linked_to,2002
False,author:bismarck_c_castillo:7f36b3ee,author:jose_c_de_oliveira:11cd13bf,Collaborates,2002
False,author:bismarck_c_castillo:7f36b3ee,author:antonio_carlos_delaiba:bc2aad1b,Collaborates,2002
False,author:jose_c_de_oliveira:11cd13bf,author:antonio_carlos_delaiba:bc2aad1b,Collaborates,2002
False,affiliation:laboratorio_de_qualidade_depto_de_engenharia_eletrica_departamento_de_:4db8de62,affiliation:faculdade_de_engenharia_eletrica_faculdade_de_arquitetura_engenharia_e:1d555d1e,Collaborates,2002
False,affiliation:laboratorio_de_qualidade_depto_de_engenharia_eletrica_departamento_de_:4db8de62,affiliation:universidade_federal_de_uberlandia_universidade_federal_de_mato_grosso:413c432f,Collaborates,2002
False,affiliation:faculdade_de_engenharia_eletrica_faculdade_de_arquitetura_engenharia_e:1d555d1e,affiliation:universidade_federal_de_uberlandia_universidade_federal_de_mato_grosso:413c432f,Collaborates,2002
True,article:2002_877,theme:residential_air_conditioner_sensitivity_to_supply_power_quality:ca792f4a,Was_Associated_To,2002
True,article:2002_877,theme:asymmetrical_two_phase_induction_motor_model:2a614520,Was_Associated_To,2002
True,article:2002_877,theme:massive_use_and_degraded_supply_make_air_conditioner_study_important:854f5867,Was_Associated_To,2002
True,author:bismarck_c_castillo:7f36b3ee,theme:residential_air_conditioner_sensitivity_to_supply_power_quality:ca792f4a,Has_Expertise_In,2002
True,author:bismarck_c_castillo:7f36b3ee,theme:asymmetrical_two_phase_induction_motor_model:2a614520,Has_Expertise_In,2002
True,author:bismarck_c_castillo:7f36b3ee,theme:massive_use_and_degraded_supply_make_air_conditioner_study_important:854f5867,Has_Expertise_In,2002
True,author:jose_c_de_oliveira:11cd13bf,theme:residential_air_conditioner_sensitivity_to_supply_power_quality:ca792f4a,Has_Expertise_In,2002
True,author:jose_c_de_oliveira:11cd13bf,theme:asymmetrical_two_phase_induction_motor_model:2a614520,Has_Expertise_In,2002
True,author:jose_c_de_oliveira:11cd13bf,theme:massive_use_and_degraded_supply_make_air_conditioner_study_important:854f5867,Has_Expertise_In,2002
True,author:antonio_carlos_delaiba:bc2aad1b,theme:residential_air_conditioner_sensitivity_to_supply_power_quality:ca792f4a,Has_Expertise_In,2002
True,author:antonio_carlos_delaiba:bc2aad1b,theme:asymmetrical_two_phase_induction_motor_model:2a614520,Has_Expertise_In,2002
True,author:antonio_carlos_delaiba:bc2aad1b,theme:massive_use_and_degraded_supply_make_air_conditioner_study_important:854f5867,Has_Expertise_In,2002
True,article:2002_877,keyword:power_quality:82d19f76,Contains,2002
True,article:2002_877,keyword:sensivity:b0ff9b8e,Contains,2002
True,article:2002_877,keyword:air_conditionair:684591ec,Contains,2002
True,article:2002_877,keyword:unsymmetrical_2_phase_induction_machines:a8cbe571,Contains,2002
True,article:2002_877,keyword:templates:7981a4e7,Contains,2002
True,article:2004_1323,year:2004,Was_Published_In,2004
True,author:adgenor_l_neto:ff175aad,article:2004_1323,Was_Author_of,2004
True,author:eduardo_j_lima_ii:5af9e69c,article:2004_1323,Was_Author_of,2004
True,author:renato_v_b_henriques:807204c4,article:2004_1323,Was_Author_of,2004
True,author:alexandre_q_bracarense:4b260d0d,article:2004_1323,Was_Author_of,2004
True,author:adgenor_l_neto:ff175aad,affiliation:universidade_federal_de_minas_gerais:24fe50f7,Is_Linked_to,2004
True,author:adgenor_l_neto:ff175aad,affiliation:escola_de_engenharia_departamento_de_engenharia_mecanica:5a9adb5f,Is_Linked_to,2004
True,author:adgenor_l_neto:ff175aad,affiliation:universidade_federal_do_rio_grande_do_sul:70c0e67b,Is_Linked_to,2004
True,author:adgenor_l_neto:ff175aad,affiliation:escola_de_engenharia_departamento_de_endenharia_el_etrica:a5b61a8f,Is_Linked_to,2004
True,author:adgenor_l_neto:ff175aad,affiliation:universidade_federal_de_minas_gerais:304dd372,Is_Linked_to,2004
True,author:eduardo_j_lima_ii:5af9e69c,affiliation:universidade_federal_de_minas_gerais:24fe50f7,Is_Linked_to,2004
True,author:eduardo_j_lima_ii:5af9e69c,affiliation:escola_de_engenharia_departamento_de_engenharia_mecanica:5a9adb5f,Is_Linked_to,2004
True,author:eduardo_j_lima_ii:5af9e69c,affiliation:universidade_federal_do_rio_grande_do_sul:70c0e67b,Is_Linked_to,2004
True,author:eduardo_j_lima_ii:5af9e69c,affiliation:escola_de_engenharia_departamento_de_endenharia_el_etrica:a5b61a8f,Is_Linked_to,2004
True,author:eduardo_j_lima_ii:5af9e69c,affiliation:universidade_federal_de_minas_gerais:304dd372,Is_Linked_to,2004
True,author:renato_v_b_henriques:807204c4,affiliation:universidade_federal_de_minas_gerais:24fe50f7,Is_Linked_to,2004
True,author:renato_v_b_henriques:807204c4,affiliation:escola_de_engenharia_departamento_de_engenharia_mecanica:5a9adb5f,Is_Linked_to,2004
True,author:renato_v_b_henriques:807204c4,affiliation:universidade_federal_do_rio_grande_do_sul:70c0e67b,Is_Linked_to,2004
True,author:renato_v_b_henriques:807204c4,affiliation:escola_de_engenharia_departamento_de_endenharia_el_etrica:a5b61a8f,Is_Linked_to,2004
True,author:renato_v_b_henriques:807204c4,affiliation:universidade_federal_de_minas_gerais:304dd372,Is_Linked_to,2004
True,author:alexandre_q_bracarense:4b260d0d,affiliation:universidade_federal_de_minas_gerais:24fe50f7,Is_Linked_to,2004
True,author:alexandre_q_bracarense:4b260d0d,affiliation:escola_de_engenharia_departamento_de_engenharia_mecanica:5a9adb5f,Is_Linked_to,2004
True,author:alexandre_q_bracarense:4b260d0d,affiliation:universidade_federal_do_rio_grande_do_sul:70c0e67b,Is_Linked_to,2004
True,author:alexandre_q_bracarense:4b260d0d,affiliation:escola_de_engenharia_departamento_de_endenharia_el_etrica:a5b61a8f,Is_Linked_to,2004
True,author:alexandre_q_bracarense:4b260d0d,affiliation:universidade_federal_de_minas_gerais:304dd372,Is_Linked_to,2004
False,author:adgenor_l_neto:ff175aad,author:eduardo_j_lima_ii:5af9e69c,Collaborates,2004
False,author:adgenor_l_neto:ff175aad,author:renato_v_b_henriques:807204c4,Collaborates,2004
False,author:adgenor_l_neto:ff175aad,author:alexandre_q_bracarense:4b260d0d,Collaborates,2004
False,author:eduardo_j_lima_ii:5af9e69c,author:renato_v_b_henriques:807204c4,Collaborates,2004
False,author:eduardo_j_lima_ii:5af9e69c,author:alexandre_q_bracarense:4b260d0d,Collaborates,2004
False,author:renato_v_b_henriques:807204c4,author:alexandre_q_bracarense:4b260d0d,Collaborates,2004
False,affiliation:universidade_federal_de_minas_gerais:24fe50f7,affiliation:escola_de_engenharia_departamento_de_engenharia_mecanica:5a9adb5f,Collaborates,2004
False,affiliation:universidade_federal_de_minas_gerais:24fe50f7,affiliation:universidade_federal_do_rio_grande_do_sul:70c0e67b,Collaborates,2004
False,affiliation:universidade_federal_de_minas_gerais:24fe50f7,affiliation:escola_de_engenharia_departamento_de_endenharia_el_etrica:a5b61a8f,Collaborates,2004
False,affiliation:universidade_federal_de_minas_gerais:24fe50f7,affiliation:universidade_federal_de_minas_gerais:304dd372,Collaborates,2004
False,affiliation:escola_de_engenharia_departamento_de_engenharia_mecanica:5a9adb5f,affiliation:universidade_federal_do_rio_grande_do_sul:70c0e67b,Collaborates,2004
False,affiliation:escola_de_engenharia_departamento_de_engenharia_mecanica:5a9adb5f,affiliation:escola_de_engenharia_departamento_de_endenharia_el_etrica:a5b61a8f,Collaborates,2004
False,affiliation:escola_de_engenharia_departamento_de_engenharia_mecanica:5a9adb5f,affiliation:universidade_federal_de_minas_gerais:304dd372,Collaborates,2004
False,affiliation:universidade_federal_do_rio_grande_do_sul:70c0e67b,affiliation:escola_de_engenharia_departamento_de_endenharia_el_etrica:a5b61a8f,Collaborates,2004
False,affiliation:universidade_federal_do_rio_grande_do_sul:70c0e67b,affiliation:universidade_federal_de_minas_gerais:304dd372,Collaborates,2004
False,affiliation:escola_de_engenharia_departamento_de_endenharia_el_etrica:a5b61a8f,affiliation:universidade_federal_de_minas_gerais:304dd372,Collaborates,2004
True,article:2004_1323,theme:cooperative_robots_for_welding_complex_geometry:cd0a549f,Was_Associated_To,2004
True,article:2004_1323,theme:pc_controlled_master_slave_robot_welding_architecture:55b9afc7,Was_Associated_To,2004
True,article:2004_1323,theme:best_welding_condition_requires_coordinated_torch_speed_and_part_posit:d97e8562,Was_Associated_To,2004
True,author:adgenor_l_neto:ff175aad,theme:cooperative_robots_for_welding_complex_geometry:cd0a549f,Has_Expertise_In,2004
True,author:adgenor_l_neto:ff175aad,theme:pc_controlled_master_slave_robot_welding_architecture:55b9afc7,Has_Expertise_In,2004
True,author:adgenor_l_neto:ff175aad,theme:best_welding_condition_requires_coordinated_torch_speed_and_part_posit:d97e8562,Has_Expertise_In,2004
True,author:eduardo_j_lima_ii:5af9e69c,theme:cooperative_robots_for_welding_complex_geometry:cd0a549f,Has_Expertise_In,2004
True,author:eduardo_j_lima_ii:5af9e69c,theme:pc_controlled_master_slave_robot_welding_architecture:55b9afc7,Has_Expertise_In,2004
True,author:eduardo_j_lima_ii:5af9e69c,theme:best_welding_condition_requires_coordinated_torch_speed_and_part_posit:d97e8562,Has_Expertise_In,2004
True,author:renato_v_b_henriques:807204c4,theme:cooperative_robots_for_welding_complex_geometry:cd0a549f,Has_Expertise_In,2004
True,author:renato_v_b_henriques:807204c4,theme:pc_controlled_master_slave_robot_welding_architecture:55b9afc7,Has_Expertise_In,2004
True,author:renato_v_b_henriques:807204c4,theme:best_welding_condition_requires_coordinated_torch_speed_and_part_posit:d97e8562,Has_Expertise_In,2004
True,author:alexandre_q_bracarense:4b260d0d,theme:cooperative_robots_for_welding_complex_geometry:cd0a549f,Has_Expertise_In,2004
True,author:alexandre_q_bracarense:4b260d0d,theme:pc_controlled_master_slave_robot_welding_architecture:55b9afc7,Has_Expertise_In,2004
True,author:alexandre_q_bracarense:4b260d0d,theme:best_welding_condition_requires_coordinated_torch_speed_and_part_posit:d97e8562,Has_Expertise_In,2004
True,article:2004_1323,keyword:robotics:d058025d,Contains,2004
True,article:2004_1323,keyword:cooperation:ca00e43f,Contains,2004
True,article:2004_1323,keyword:gmaw:25cbafdb,Contains,2004
True,article:2004_1323,keyword:rob_otica:1fe05b7e,Contains,2004
True,article:2004_1323,keyword:coopera_c_ao:2cb8f46b,Contains,2004
True,article:2004_1325,year:2004,Was_Published_In,2004
True,author:w_m_yonezawa:1f1485cb,article:2004_1325,Was_Author_of,2004
True,author:h_ferasoli_filho:350081ea,article:2004_1325,Was_Author_of,2004
True,author:r_pegoraro:2c2b8557,article:2004_1325,Was_Author_of,2004
True,author:j_m_rosario:a67a88ed,article:2004_1325,Was_Author_of,2004
True,author:c_r_erig_lima:b6bf5e69,article:2004_1325,Was_Author_of,2004
True,author:w_m_yonezawa:1f1485cb,affiliation:universidade_estadual_paulista:1b4f4989,Is_Linked_to,2004
True,author:w_m_yonezawa:1f1485cb,affiliation:universidade_estadual_de_campinas:a6e8c501,Is_Linked_to,2004
True,author:w_m_yonezawa:1f1485cb,affiliation:centro_federal_de_educacao_tecnologica_do_parana:77765c99,Is_Linked_to,2004
True,author:h_ferasoli_filho:350081ea,affiliation:universidade_estadual_paulista:1b4f4989,Is_Linked_to,2004
True,author:h_ferasoli_filho:350081ea,affiliation:universidade_estadual_de_campinas:a6e8c501,Is_Linked_to,2004
True,author:h_ferasoli_filho:350081ea,affiliation:centro_federal_de_educacao_tecnologica_do_parana:77765c99,Is_Linked_to,2004
True,author:r_pegoraro:2c2b8557,affiliation:universidade_estadual_paulista:1b4f4989,Is_Linked_to,2004
True,author:r_pegoraro:2c2b8557,affiliation:universidade_estadual_de_campinas:a6e8c501,Is_Linked_to,2004
True,author:r_pegoraro:2c2b8557,affiliation:centro_federal_de_educacao_tecnologica_do_parana:77765c99,Is_Linked_to,2004
True,author:j_m_rosario:a67a88ed,affiliation:universidade_estadual_paulista:1b4f4989,Is_Linked_to,2004
True,author:j_m_rosario:a67a88ed,affiliation:universidade_estadual_de_campinas:a6e8c501,Is_Linked_to,2004
True,author:j_m_rosario:a67a88ed,affiliation:centro_federal_de_educacao_tecnologica_do_parana:77765c99,Is_Linked_to,2004
True,author:c_r_erig_lima:b6bf5e69,affiliation:universidade_estadual_paulista:1b4f4989,Is_Linked_to,2004
True,author:c_r_erig_lima:b6bf5e69,affiliation:universidade_estadual_de_campinas:a6e8c501,Is_Linked_to,2004
True,author:c_r_erig_lima:b6bf5e69,affiliation:centro_federal_de_educacao_tecnologica_do_parana:77765c99,Is_Linked_to,2004
False,author:w_m_yonezawa:1f1485cb,author:h_ferasoli_filho:350081ea,Collaborates,2004
False,author:w_m_yonezawa:1f1485cb,author:r_pegoraro:2c2b8557,Collaborates,2004
False,author:w_m_yonezawa:1f1485cb,author:j_m_rosario:a67a88ed,Collaborates,2004
False,author:w_m_yonezawa:1f1485cb,author:c_r_erig_lima:b6bf5e69,Collaborates,2004
False,author:h_ferasoli_filho:350081ea,author:r_pegoraro:2c2b8557,Collaborates,2004
False,author:h_ferasoli_filho:350081ea,author:j_m_rosario:a67a88ed,Collaborates,2004
False,author:h_ferasoli_filho:350081ea,author:c_r_erig_lima:b6bf5e69,Collaborates,2004
False,author:r_pegoraro:2c2b8557,author:j_m_rosario:a67a88ed,Collaborates,2004
False,author:r_pegoraro:2c2b8557,author:c_r_erig_lima:b6bf5e69,Collaborates,2004
False,author:j_m_rosario:a67a88ed,author:c_r_erig_lima:b6bf5e69,Collaborates,2004
False,affiliation:universidade_estadual_paulista:1b4f4989,affiliation:universidade_estadual_de_campinas:a6e8c501,Collaborates,2004
False,affiliation:universidade_estadual_paulista:1b4f4989,affiliation:centro_federal_de_educacao_tecnologica_do_parana:77765c99,Collaborates,2004
False,affiliation:universidade_estadual_de_campinas:a6e8c501,affiliation:centro_federal_de_educacao_tecnologica_do_parana:77765c99,Collaborates,2004
True,article:2004_1325,theme:pda_and_wireless_network_model_for_mobile_robots:bde69122,Was_Associated_To,2004
True,article:2004_1325,theme:reconfigurable_open_architecture_for_robot_control:38962072,Was_Associated_To,2004
True,article:2004_1325,theme:hierarchical_reconfigurable_blocks_ease_expansion_and_future_updates:ac558abe,Was_Associated_To,2004
True,author:w_m_yonezawa:1f1485cb,theme:pda_and_wireless_network_model_for_mobile_robots:bde69122,Has_Expertise_In,2004
True,author:w_m_yonezawa:1f1485cb,theme:reconfigurable_open_architecture_for_robot_control:38962072,Has_Expertise_In,2004
True,author:w_m_yonezawa:1f1485cb,theme:hierarchical_reconfigurable_blocks_ease_expansion_and_future_updates:ac558abe,Has_Expertise_In,2004
True,author:h_ferasoli_filho:350081ea,theme:pda_and_wireless_network_model_for_mobile_robots:bde69122,Has_Expertise_In,2004
True,author:h_ferasoli_filho:350081ea,theme:reconfigurable_open_architecture_for_robot_control:38962072,Has_Expertise_In,2004
True,author:h_ferasoli_filho:350081ea,theme:hierarchical_reconfigurable_blocks_ease_expansion_and_future_updates:ac558abe,Has_Expertise_In,2004
True,author:r_pegoraro:2c2b8557,theme:pda_and_wireless_network_model_for_mobile_robots:bde69122,Has_Expertise_In,2004
True,author:r_pegoraro:2c2b8557,theme:reconfigurable_open_architecture_for_robot_control:38962072,Has_Expertise_In,2004
True,author:r_pegoraro:2c2b8557,theme:hierarchical_reconfigurable_blocks_ease_expansion_and_future_updates:ac558abe,Has_Expertise_In,2004
True,author:j_m_rosario:a67a88ed,theme:pda_and_wireless_network_model_for_mobile_robots:bde69122,Has_Expertise_In,2004
True,author:j_m_rosario:a67a88ed,theme:reconfigurable_open_architecture_for_robot_control:38962072,Has_Expertise_In,2004
True,author:j_m_rosario:a67a88ed,theme:hierarchical_reconfigurable_blocks_ease_expansion_and_future_updates:ac558abe,Has_Expertise_In,2004
True,author:c_r_erig_lima:b6bf5e69,theme:pda_and_wireless_network_model_for_mobile_robots:bde69122,Has_Expertise_In,2004
True,author:c_r_erig_lima:b6bf5e69,theme:reconfigurable_open_architecture_for_robot_control:38962072,Has_Expertise_In,2004
True,author:c_r_erig_lima:b6bf5e69,theme:hierarchical_reconfigurable_blocks_ease_expansion_and_future_updates:ac558abe,Has_Expertise_In,2004
True,article:2004_1325,keyword:sistemas_embarcados:82c8991d,Contains,2004
True,article:2004_1325,keyword:sistemas_reconfiguraveis:f7a1d327,Contains,2004
True,article:2004_1325,keyword:dispositivos_pda:e0569689,Contains,2004
True,article:2004_1325,keyword:redes_sem_fio:c125a26e,Contains,2004
True,article:2004_1325,keyword:embedded_systems:5e5574db,Contains,2004
True,article:2004_1325,keyword:reconfigurable_systems:ed72bd79,Contains,2004
True,article:2004_1325,keyword:pda_devices:f0079436,Contains,2004
True,article:2004_1325,keyword:wireless_networks:53ecdd8b,Contains,2004
True,article:2004_211,year:2004,Was_Published_In,2004
True,author:jose_a_de_franca:4ea1c031,article:2004_211,Was_Author_of,2004
True,author:marcelo_r_stemmer:2744e5ae,article:2004_211,Was_Author_of,2004
True,author:jose_a_de_franca:4ea1c031,affiliation:departamento_de_engenharia_el_etrica:70e979be,Is_Linked_to,2004
True,author:jose_a_de_franca:4ea1c031,affiliation:universidade_estadual_de_londrina:88e1a84b,Is_Linked_to,2004
True,author:jose_a_de_franca:4ea1c031,affiliation:departamento_de_automa_c_ao_e_sistemas:59e05209,Is_Linked_to,2004
True,author:jose_a_de_franca:4ea1c031,affiliation:universidade_federal_de_santa_catarina:36d19a70,Is_Linked_to,2004
True,author:marcelo_r_stemmer:2744e5ae,affiliation:departamento_de_engenharia_el_etrica:70e979be,Is_Linked_to,2004
True,author:marcelo_r_stemmer:2744e5ae,affiliation:universidade_estadual_de_londrina:88e1a84b,Is_Linked_to,2004
True,author:marcelo_r_stemmer:2744e5ae,affiliation:departamento_de_automa_c_ao_e_sistemas:59e05209,Is_Linked_to,2004
True,author:marcelo_r_stemmer:2744e5ae,affiliation:universidade_federal_de_santa_catarina:36d19a70,Is_Linked_to,2004
False,author:jose_a_de_franca:4ea1c031,author:marcelo_r_stemmer:2744e5ae,Collaborates,2004
False,affiliation:departamento_de_engenharia_el_etrica:70e979be,affiliation:universidade_estadual_de_londrina:88e1a84b,Collaborates,2004
False,affiliation:departamento_de_engenharia_el_etrica:70e979be,affiliation:departamento_de_automa_c_ao_e_sistemas:59e05209,Collaborates,2004
False,affiliation:departamento_de_engenharia_el_etrica:70e979be,affiliation:universidade_federal_de_santa_catarina:36d19a70,Collaborates,2004
False,affiliation:universidade_estadual_de_londrina:88e1a84b,affiliation:departamento_de_automa_c_ao_e_sistemas:59e05209,Collaborates,2004
False,affiliation:universidade_estadual_de_londrina:88e1a84b,affiliation:universidade_federal_de_santa_catarina:36d19a70,Collaborates,2004
False,affiliation:departamento_de_automa_c_ao_e_sistemas:59e05209,affiliation:universidade_federal_de_santa_catarina:36d19a70,Collaborates,2004
True,article:2004_211,theme:virtual_parallax_nonlinear_algorithm:8a185e7b,Was_Associated_To,2004
True,article:2004_211,theme:fundamental_matrix_estimation_in_stereo_vision:4b1758b2,Was_Associated_To,2004
True,article:2004_211,theme:reduced_search_space_lowers_computational_cost:334b6fae,Was_Associated_To,2004
True,author:jose_a_de_franca:4ea1c031,theme:virtual_parallax_nonlinear_algorithm:8a185e7b,Has_Expertise_In,2004
True,author:jose_a_de_franca:4ea1c031,theme:fundamental_matrix_estimation_in_stereo_vision:4b1758b2,Has_Expertise_In,2004
True,author:jose_a_de_franca:4ea1c031,theme:reduced_search_space_lowers_computational_cost:334b6fae,Has_Expertise_In,2004
True,author:marcelo_r_stemmer:2744e5ae,theme:virtual_parallax_nonlinear_algorithm:8a185e7b,Has_Expertise_In,2004
True,author:marcelo_r_stemmer:2744e5ae,theme:fundamental_matrix_estimation_in_stereo_vision:4b1758b2,Has_Expertise_In,2004
True,author:marcelo_r_stemmer:2744e5ae,theme:reduced_search_space_lowers_computational_cost:334b6fae,Has_Expertise_In,2004
True,article:2004_211,keyword:epipolar_geometry:0b4809c8,Contains,2004
True,article:2004_211,keyword:stereovision:fd51df4c,Contains,2004
True,article:2004_211,keyword:fundamental_matrix:ecdd2ce7,Contains,2004
True,article:2004_211,keyword:virtual_parallax:6613d042,Contains,2004
True,article:2004_211,keyword:geometria_epipolar:94a68d64,Contains,2004
True,article:2004_211,keyword:vis_ao_est_ereo:2fa85a25,Contains,2004
True,article:2004_211,keyword:matriz_fundamental:dcf6d276,Contains,2004
True,article:2004_211,keyword:paralaxe_virtual:81bee041,Contains,2004
True,article:2004_212,year:2004,Was_Published_In,2004
True,author:oumar_dieng:ac76d7e9,article:2004_212,Was_Author_of,2004
True,author:amit_bhaya:b3f5ddac,article:2004_212,Was_Author_of,2004
True,author:oumar_dieng:ac76d7e9,affiliation:universidade_federal_do_rio_de_janeiro:14407b58,Is_Linked_to,2004
True,author:oumar_dieng:ac76d7e9,affiliation:coppe_programa_de_engenharia_el_etrica:bae96688,Is_Linked_to,2004
True,author:amit_bhaya:b3f5ddac,affiliation:universidade_federal_do_rio_de_janeiro:14407b58,Is_Linked_to,2004
True,author:amit_bhaya:b3f5ddac,affiliation:coppe_programa_de_engenharia_el_etrica:bae96688,Is_Linked_to,2004
False,author:oumar_dieng:ac76d7e9,author:amit_bhaya:b3f5ddac,Collaborates,2004
False,affiliation:universidade_federal_do_rio_de_janeiro:14407b58,affiliation:coppe_programa_de_engenharia_el_etrica:bae96688,Collaborates,2004
True,article:2004_212,theme:control_theory_design_of_linear_iterative_methods:d4e37071,Was_Associated_To,2004
True,article:2004_212,theme:control_lyapunov_function_for_iterative_methods:7bbefc76,Was_Associated_To,2004
True,article:2004_212,theme:feedback_control_viewpoint_transforms_iteration_tuning_into_signal_reg:c19ff53c,Was_Associated_To,2004
True,author:oumar_dieng:ac76d7e9,theme:control_theory_design_of_linear_iterative_methods:d4e37071,Has_Expertise_In,2004
True,author:oumar_dieng:ac76d7e9,theme:control_lyapunov_function_for_iterative_methods:7bbefc76,Has_Expertise_In,2004
True,author:oumar_dieng:ac76d7e9,theme:feedback_control_viewpoint_transforms_iteration_tuning_into_signal_reg:c19ff53c,Has_Expertise_In,2004
True,author:amit_bhaya:b3f5ddac,theme:control_theory_design_of_linear_iterative_methods:d4e37071,Has_Expertise_In,2004
True,author:amit_bhaya:b3f5ddac,theme:control_lyapunov_function_for_iterative_methods:7bbefc76,Has_Expertise_In,2004
True,author:amit_bhaya:b3f5ddac,theme:feedback_control_viewpoint_transforms_iteration_tuning_into_signal_reg:c19ff53c,Has_Expertise_In,2004
True,article:2004_212,keyword:fun_c_ao_de_liapunov:14c2e950,Contains,2004
True,article:2004_212,keyword:m_etodo_iterativo:f81fc658,Contains,2004
True,article:2004_212,keyword:estabilidade:85d65f6e,Contains,2004
True,article:2004_212,keyword:controlador_pid:1c6a1fd4,Contains,2004
True,article:2004_212,keyword:gradiente_conjugado:888c6440,Contains,2004
True,article:2004_212,keyword:convergencia:81f285ad,Contains,2004
True,article:2004_212,keyword:control_liapunov_function:0cc97f83,Contains,2004
True,article:2004_212,keyword:iterative_methods:6790094e,Contains,2004
True,article:2004_212,keyword:stability:e70647c6,Contains,2004
True,article:2004_212,keyword:pid_controller:df064fbc,Contains,2004
True,article:2004_212,keyword:conjugate_gradient_algorithm:e8c39a9a,Contains,2004
True,article:2004_212,keyword:convergence:98bf2e34,Contains,2004
True,article:2004_213,year:2004,Was_Published_In,2004
True,author:david_f_fabri:942a02cc,article:2004_213,Was_Author_of,2004
True,author:pedro_paulo_c_mendes:09746338,article:2004_213,Was_Author_of,2004
True,author:claudio_ferreira:92d8f217,article:2004_213,Was_Author_of,2004
True,author:fernando_b_prioste:1dd5dc8f,article:2004_213,Was_Author_of,2004
True,author:david_f_fabri:942a02cc,affiliation:universidade_federal_de_itajuba:5733525a,Is_Linked_to,2004
True,author:pedro_paulo_c_mendes:09746338,affiliation:universidade_federal_de_itajuba:5733525a,Is_Linked_to,2004
True,author:claudio_ferreira:92d8f217,affiliation:universidade_federal_de_itajuba:5733525a,Is_Linked_to,2004
True,author:fernando_b_prioste:1dd5dc8f,affiliation:universidade_federal_de_itajuba:5733525a,Is_Linked_to,2004
False,author:david_f_fabri:942a02cc,author:pedro_paulo_c_mendes:09746338,Collaborates,2004
False,author:david_f_fabri:942a02cc,author:claudio_ferreira:92d8f217,Collaborates,2004
False,author:david_f_fabri:942a02cc,author:fernando_b_prioste:1dd5dc8f,Collaborates,2004
False,author:pedro_paulo_c_mendes:09746338,author:claudio_ferreira:92d8f217,Collaborates,2004
False,author:pedro_paulo_c_mendes:09746338,author:fernando_b_prioste:1dd5dc8f,Collaborates,2004
False,author:claudio_ferreira:92d8f217,author:fernando_b_prioste:1dd5dc8f,Collaborates,2004
True,article:2004_213,theme:automatic_generation_control_in_a_competitive_scenario:109aad57,Was_Associated_To,2004
True,article:2004_213,theme:distribution_company_participation_matrix:e73dd46d,Was_Associated_To,2004
True,article:2004_213,theme:bilateral_contracts_require_modified_agc_dynamics:e84380b1,Was_Associated_To,2004
True,author:david_f_fabri:942a02cc,theme:automatic_generation_control_in_a_competitive_scenario:109aad57,Has_Expertise_In,2004
True,author:david_f_fabri:942a02cc,theme:distribution_company_participation_matrix:e73dd46d,Has_Expertise_In,2004
True,author:david_f_fabri:942a02cc,theme:bilateral_contracts_require_modified_agc_dynamics:e84380b1,Has_Expertise_In,2004
True,author:pedro_paulo_c_mendes:09746338,theme:automatic_generation_control_in_a_competitive_scenario:109aad57,Has_Expertise_In,2004
True,author:pedro_paulo_c_mendes:09746338,theme:distribution_company_participation_matrix:e73dd46d,Has_Expertise_In,2004
True,author:pedro_paulo_c_mendes:09746338,theme:bilateral_contracts_require_modified_agc_dynamics:e84380b1,Has_Expertise_In,2004
True,author:claudio_ferreira:92d8f217,theme:automatic_generation_control_in_a_competitive_scenario:109aad57,Has_Expertise_In,2004
True,author:claudio_ferreira:92d8f217,theme:distribution_company_participation_matrix:e73dd46d,Has_Expertise_In,2004
True,author:claudio_ferreira:92d8f217,theme:bilateral_contracts_require_modified_agc_dynamics:e84380b1,Has_Expertise_In,2004
True,author:fernando_b_prioste:1dd5dc8f,theme:automatic_generation_control_in_a_competitive_scenario:109aad57,Has_Expertise_In,2004
True,author:fernando_b_prioste:1dd5dc8f,theme:distribution_company_participation_matrix:e73dd46d,Has_Expertise_In,2004
True,author:fernando_b_prioste:1dd5dc8f,theme:bilateral_contracts_require_modified_agc_dynamics:e84380b1,Has_Expertise_In,2004
True,article:2004_213,keyword:agc:da8165f1,Contains,2004
True,article:2004_213,keyword:automatic_generation_control:6ee14816,Contains,2004
True,article:2004_213,keyword:deregulation:ed38067e,Contains,2004
True,article:2004_213,keyword:bilateral_contracts:3a464b01,Contains,2004
True,article:2004_213,keyword:secondary_control:62b049f0,Contains,2004
True,article:2004_213,keyword:contract_violation:53439dfc,Contains,2004
True,article:2004_213,keyword:cag:40ea68f2,Contains,2004
True,article:2004_213,keyword:controle_automatico_de_geracao:535262a3,Contains,2004
True,article:2004_213,keyword:desregulamentacao:3810200f,Contains,2004
True,article:2004_213,keyword:contratos_bilaterais:695ce3e9,Contains,2004
True,article:2004_213,keyword:controle_secundario:8bab293f,Contains,2004
True,article:2004_213,keyword:violacao_de_contratos:8f1466c6,Contains,2004
